index,xmin,ymin,xmax,ymax,center_x,center_y,confidence,class,predicted_id,name,componentId,color,key,lineTypeId,group,lineTypeIdNumber,lineTypeName,checked,componentType,distance
101,3365.446,331.4643,3413.0146,364.97482,3389.2303,348.21956,0.89834595,24,270ef0ce,LL,clnk1xblj003h34aof7r696zx,#0DB2B2,57e27a58,clwx2951g0004348cmzaa63q1,clwx2951g0004348cmzaa63q1-0,clwx2951g0004348cmzaa63q1-0,115_incoming-0-0,False,mandatory,
93,3051.9028,880.82434,3076.4634,912.1709,3064.1831,896.49762,0.7645866,4,f726d0eb,115_breaker,clnk1x9z0002734aoowjtqqn8,#F20D7A,6dcb24f8,clwx2951g0004348cmzaa63q1,clwx2951g0004348cmzaa63q1-0,clwx2951g0004348cmzaa63q1-0,115_incoming-0-0,False,optional,1277.1332598452404
98,3219.442,816.01105,3288.638,878.3236,3254.04,847.167325,0.9286683,29,7b6b26f1,ss_man_mode,clnk1xa1a003734ao1atko9rz,#F20D3C,5e416d2a,clwx2951g0004348cmzaa63q1,clwx2951g0004348cmzaa63q1-0,clwx2951g0004348cmzaa63q1-0,115_incoming-0-0,False,optional,1199.9911242215094
112,3611.9526,640.71265,3670.2688,678.6169,3641.1107,659.664775,0.8932187,23,95a0485e,DPM,clnk1x9zg002o34ao2g3ii1c9,#B24CCC,c3845fbf,clwx2951g0004348cmzaa63q1,clwx2951g0004348cmzaa63q1-0,clwx2951g0004348cmzaa63q1-0,115_incoming-0-0,False,optional,755.7220048756974
95,3106.6897,453.18625,3166.48,484.39722,3136.58485,468.791735,0.87601787,11,2c40138e,115_la,clnk1x9zg002r34aoait6btdp,#9936AC,a2b4273f,clwx2951g0004348cmzaa63q1,clwx2951g0004348cmzaa63q1-0,clwx2951g0004348cmzaa63q1-0,115_incoming-0-0,False,optional,528.4356415871825
92,3001.0308,491.8891,3123.8335,537.30145,3062.43215,514.595275,0.836108,3,41c54965,115_3ways_ds_w_motor,clnk1x9yy001u34aocjolxshe,#B20D0D,6f64e3da,clwx2951g0004348cmzaa63q1,clwx2951g0004348cmzaa63q1-0,clwx2951g0004348cmzaa63q1-0,115_incoming-0-0,False,optional,764.6681810065351
88,3005.8887,921.65753,3080.0537,966.7918,3042.9712,944.224665,0.88584375,2,2f3a4779,115_1way_ds_w_motor,clnk1x9yy001w34ao2t1e12f3,#B2AA0A,4f437f20,clwx2951g0004348cmzaa63q1,clwx2951g0004348cmzaa63q1-0,clwx2951g0004348cmzaa63q1-0,115_incoming-0-0,False,optional,1396.7139956489837
114,3726.8547,640.49524,3783.4492,679.4673,3755.15195,659.98127,0.90731144,22,bd78a6b2,DIM,clnk1xcco003j34ao5ownl25b,#B20D0D,f4082922,clwx2951g0004348cmzaa63q1,clwx2951g0004348cmzaa63q1-0,clwx2951g0004348cmzaa63q1-0,115_incoming-0-0,False,optional,1025.7535341682735
96,3102.4255,314.7359,3236.1904,470.03406,3169.30795,392.38498000000004,0.9168645,13,6616d2c9,115_vt_3p,clnk1x9zg002h34aoat3fl2py,#199588,56fec717,clwx2951g0004348cmzaa63q1,clwx2951g0004348cmzaa63q1-0,clwx2951g0004348cmzaa63q1-0,115_incoming-0-0,False,optional,342.7005768508881
72,2443.4688,336.49307,2493.8623,369.35068,2468.6655499999997,352.921875,0.8865217,24,b246b122,LL,clnk1xblj003h34aof7r696zx,#0DB2B2,f3ca3796,clwx2951g0004348cmzaa63q1,clwx2951g0004348cmzaa63q1-1,clwx2951g0004348cmzaa63q1-1,115_incoming-0-1,False,mandatory,5000.0
57,2135.846,881.7408,2160.961,909.49945,2148.4035,895.620125,0.81704813,4,fa606ca5,115_breaker,clnk1x9z0002734aoowjtqqn8,#F20D7A,8f7c53bf,clwx2951g0004348cmzaa63q1,clwx2951g0004348cmzaa63q1-1,clwx2951g0004348cmzaa63q1-1,115_incoming-0-1,False,optional,1280.0449480906718
77,2715.7693,641.4277,2773.9395,679.65875,2744.8544,660.543225,0.9015693,23,6780ab78,DPM,clnk1x9zg002o34ao2g3ii1c9,#B24CCC,7b20a2c0,clwx2951g0004348cmzaa63q1,clwx2951g0004348cmzaa63q1-1,clwx2951g0004348cmzaa63q1-1,115_incoming-0-1,False,optional,788.1778489984131
64,2183.6963,446.902,2251.7585,483.31107,2217.7273999999998,465.106535,0.7998208,11,43cfe452,115_la,clnk1x9zg002r34aoait6btdp,#9936AC,cd9faac8,clwx2951g0004348cmzaa63q1,clwx2951g0004348cmzaa63q1-1,clwx2951g0004348cmzaa63q1-1,115_incoming-0-1,False,optional,526.7077195258246
56,2080.6985,492.95346,2209.372,536.2487,2145.03525,514.60108,0.85738486,3,ca009528,115_3ways_ds_w_motor,clnk1x9yy001u34aocjolxshe,#B20D0D,4c439159,clwx2951g0004348cmzaa63q1,clwx2951g0004348cmzaa63q1-1,clwx2951g0004348cmzaa63q1-1,115_incoming-0-1,False,optional,680.158513014657
52,2076.8618,919.88074,2163.0361,962.48566,2119.94895,941.1831999999999,0.8775022,2,ece58257,115_1way_ds_w_motor,clnk1x9yy001w34ao2t1e12f3,#B2AA0A,4e336a62,clwx2951g0004348cmzaa63q1,clwx2951g0004348cmzaa63q1-1,clwx2951g0004348cmzaa63q1-1,115_incoming-0-1,False,optional,1383.8977618330578
83,2832.2341,641.29596,2885.6196,679.43384,2858.92685,660.3649,0.9012323,22,540d44be,DIM,clnk1xcco003j34ao5ownl25b,#B20D0D,778f5e8e,clwx2951g0004348cmzaa63q1,clwx2951g0004348cmzaa63q1-1,clwx2951g0004348cmzaa63q1-1,115_incoming-0-1,False,optional,937.3565645486035
65,2176.4973,318.7745,2316.1765,474.50363,2246.3369000000002,396.63906499999996,0.90698814,13,b670d4fe,115_vt_3p,clnk1x9zg002h34aoat3fl2py,#199588,e818c8bc,clwx2951g0004348cmzaa63q1,clwx2951g0004348cmzaa63q1-1,clwx2951g0004348cmzaa63q1-1,115_incoming-0-1,False,optional,380.1564209736038
34,1484.6691,928.1075,1538.0824,966.8305,1511.3757500000002,947.469,0.88110846,24,bcbf7241,LL,clnk1xblj003h34aof7r696zx,#0DB2B2,fb964fe3,clwx2951l000c348cuts0j8vg,clwx2951l000c348cuts0j8vg-0,clwx2951l000c348cuts0j8vg-0,115_tie-1-0,False,mandatory,5000.0
33,1433.0099,969.0894,1571.6925,1013.9063,1502.3512,991.49785,0.8564966,36,13630f0f,v_m_digital,clnk1x9zl002z34aoinxcy3e7,#0DB27A,7b3be166,clwx2951l000c348cuts0j8vg,clwx2951l000c348cuts0j8vg-0,clwx2951l000c348cuts0j8vg-0,115_tie-1-0,False,optional,67.9116882454314
47,1919.063,991.98535,2042.6372,1137.2588,1980.8501,1064.622075,0.90844715,12,9de3de50,115_vt_1p,clnk1x9yy002134aockv28u8a,#F1463F,a82d1d0c,clwx2951l000c348cuts0j8vg,clwx2951l000c348cuts0j8vg-0,clwx2951l000c348cuts0j8vg-0,115_tie-1-0,False,optional,792.0184694319792
76,2620.3206,1060.9935,2640.128,1074.5408,2630.2243,1067.7671500000001,0.68560666,8,6476112e,115_ds,clnk1x9z9002d34aoevv8q7k2,#B20D0D,e9e03994,clwx2951l000c348cuts0j8vg,clwx2951l000c348cuts0j8vg-0,clwx2951l000c348cuts0j8vg-0,115_tie-1-0,False,optional,1725.3455967290597
61,2120.7036,1541.1381,2238.281,1663.8832,2179.4923,1602.51065,0.9263347,1,a860b82d,11522_tx_ynyn0d1,clnk1x9yy001n34ao3p4j64wb,#3C57B0,104cd45c,clwx2951e0002348cj26enjhl,clwx2951e0002348cj26enjhl-0,clwx2951e0002348cj26enjhl-0,115_transformer-2-0,False,mandatory,5000.0
43,1782.1963,1616.9501,1961.9366,1656.9641,1872.06645,1636.9571,0.8854453,26,c3886988,NGR_future,clnk1xa1b003934aoa97gb8sf,#B20DD0,773f860a,clwx2951e0002348cj26enjhl,clwx2951e0002348cj26enjhl-0,clwx2951e0002348cj26enjhl-0,115_transformer-2-0,False,optional,517.666088965482
53,2085.8892,1130.4114,2166.892,1174.8077,2126.3905999999997,1152.6095500000001,0.8766948,2,f4f01440,115_1way_ds_w_motor,clnk1x9yy001w34ao2t1e12f3,#B2AA0A,0ddb7bd0,clwx2951e0002348cj26enjhl,clwx2951e0002348cj26enjhl-0,clwx2951e0002348cj26enjhl-0,115_transformer-2-0,False,optional,866.7098115668778
66,2235.3225,1339.0396,2297.3079,1379.5974,2266.3152,1359.3185,0.9132276,22,be2587d0,DIM,clnk1xcco003j34ao5ownl25b,#B20D0D,01852733,clwx2951e0002348cj26enjhl,clwx2951e0002348cj26enjhl-0,clwx2951e0002348cj26enjhl-0,115_transformer-2-0,False,optional,574.4062043356596
51,2058.6138,1463.3286,2127.243,1497.9875,2092.9284,1480.65805,0.91285396,11,b59f88a3,115_la,clnk1x9zg002r34aoait6btdp,#9936AC,d597247b,clwx2951e0002348cj26enjhl,clwx2951e0002348cj26enjhl-0,clwx2951e0002348cj26enjhl-0,115_transformer-2-0,False,optional,318.93102422918764
58,2135.7063,1207.0769,2163.789,1240.4625,2149.7476500000002,1223.7697,0.8310383,4,138e7b28,115_breaker,clnk1x9z0002734aoowjtqqn8,#F20D7A,571e10cb,clwx2951e0002348cj26enjhl,clwx2951e0002348cj26enjhl-0,clwx2951e0002348cj26enjhl-0,115_transformer-2-0,False,optional,756.5432893255071
70,2331.016,1682.3313,2372.9553,1725.137,2351.98565,1703.73415,0.90548694,35,6a7f9577,v_m,clnk1x9zk002v34aojm2s6xiu,#0DB24C,3563f5ae,clwx2951e0002348cj26enjhl,clwx2951e0002348cj26enjhl-0,clwx2951e0002348cj26enjhl-0,115_transformer-2-0,False,optional,733.9402589451772
54,2096.689,1791.0363,2166.0203,1831.1628,2131.35465,1811.09955,0.8716479,31,80085648,terminator_double,clnk1x9zm003434aoc9i4tm42,#0DB27A,cbab8dae,clwx2951e0002348cj26enjhl,clwx2951e0002348cj26enjhl-0,clwx2951e0002348cj26enjhl-0,115_transformer-2-0,False,optional,364.91378028648455
89,3004.9097,1132.4395,3082.5613,1184.8625,3043.7355,1158.6509999999998,0.9015185,2,1eab20e6,115_1way_ds_w_motor,clnk1x9yy001w34ao2t1e12f3,#B2AA0A,8bd55179,clwx2hny8005c348cwgfkbm1o,clwx2hny8005c348cwgfkbm1o-0,clwx2hny8005c348cwgfkbm1o-0,115_transformer_future-3-0,False,mandatory,5000.0
2,67.20832,2460.0112,385.0649,2689.9993,226.13661000000002,2575.00525,0.90774465,15,853d0096,22_cap_bank,clnk1x9zg002j34aoox1pjy3x,#0DB24C,9b725815,clwx2ui0x0062348c42jfyv1a,clwx2ui0x0062348c42jfyv1a-0,clwx2ui0x0062348c42jfyv1a-0,22_capacitor_bank-4-0,False,mandatory,5000.0
1,211.10402,1930.8297,239.68088,2038.1748,225.39245,1984.50225,0.8836209,14,e0bcbab0,22_breaker,clnk1x9yy001s34aok46x91s6,#3C0DB2,c345bcc2,clwx2ui0x0062348c42jfyv1a,clwx2ui0x0062348c42jfyv1a-0,clwx2ui0x0062348c42jfyv1a-0,22_capacitor_bank-4-0,False,optional,1259.1038225937177
6,293.36853,2136.7065,346.6971,2175.608,320.032815,2156.15725,0.8760424,23,6395cfa9,DPM,clnk1x9zg002o34ao2g3ii1c9,#B24CCC,adacc678,clwx2ui0x0062348c42jfyv1a,clwx2ui0x0062348c42jfyv1a-0,clwx2ui0x0062348c42jfyv1a-0,22_capacitor_bank-4-0,False,optional,1285.4002871499993
7,379.9148,2137.1077,433.79648,2175.84,406.85564,2156.4738500000003,0.8993948,22,247a80d2,DIM,clnk1xcco003j34ao5ownl25b,#B20D0D,69e30a5a,clwx2ui0x0062348c42jfyv1a,clwx2ui0x0062348c42jfyv1a-0,clwx2ui0x0062348c42jfyv1a-0,22_capacitor_bank-4-0,False,optional,1337.968829644923
0,176.61446,2268.4758,209.4287,2312.0574,193.02158,2290.2666,0.8652962,18,afc79e5b,22_gs,clnk1x9zf002f34aobq6lwoe3,#0D0DB2,28eccfc7,clwx2ui0x0062348c42jfyv1a,clwx2ui0x0062348c42jfyv1a-0,clwx2ui0x0062348c42jfyv1a-0,22_capacitor_bank-4-0,False,optional,865.0235200658624
5,241.18571,2252.1677,273.87778,2270.1814,257.531745,2261.1745499999997,0.7963537,19,078888d2,22_ll,clnk1x9yz002534ao2aywryg7,#16448c,cd65bade,clwx2ui0x0062348c42jfyv1a,clwx2ui0x0062348c42jfyv1a-0,clwx2ui0x0062348c42jfyv1a-0,22_capacitor_bank-4-0,False,optional,744.2417741353422
4,216.83534,2286.7917,270.23578,2316.2852,243.53555999999998,2301.53845,0.8221184,34,7e263873,terminator_w_future,clnk1x9zm003134aon68l1b4l,#0D7AB2,fe62bcb0,clwx2ui0x0062348c42jfyv1a,clwx2ui0x0062348c42jfyv1a-0,clwx2ui0x0062348c42jfyv1a-0,22_capacitor_bank-4-0,False,optional,503.4234482783627
3,218.46342,2438.1343,241.18747,2456.8972,229.825445,2447.51575,0.8376495,32,bfcf09b2,terminator_single,clnk1xat1003b34aovnr93xsf,#0DB2B2,c6729c4e,clwx2ui0x0062348c42jfyv1a,clwx2ui0x0062348c42jfyv1a-0,clwx2ui0x0062348c42jfyv1a-0,22_capacitor_bank-4-0,False,optional,195.0071426749364
8,396.23395,2548.4731,443.65515,2579.2964,419.94455,2563.88475,0.8973877,27,d3f9d44b,Q,clnk1x9zj002t34aow7kklyyh,#7A0DB2,f527dcca,clwx2ui0x0062348c42jfyv1a,clwx2ui0x0062348c42jfyv1a-0,clwx2ui0x0062348c42jfyv1a-0,22_capacitor_bank-4-0,False,optional,636.6437943888956
10,570.53827,2475.813,631.3687,2581.4636,600.953485,2528.6383,0.91495323,17,26962c6b,22_ds_la_out,clnk1x9z1002934aogf3ugt94,#0DB20D,f97a6ccc,clwx2951n000m348c9b3qu4fb,clwx2951n000m348c9b3qu4fb-0,clwx2951n000m348c9b3qu4fb-0,22_outgoing-5-0,False,mandatory,5000.0
9,555.1954,2266.349,593.1111,2312.2202,574.15325,2289.2846,0.8774316,18,c15f416b,22_gs,clnk1x9zf002f34aobq6lwoe3,#0D0DB2,ac3b5643,clwx2951n000m348c9b3qu4fb,clwx2951n000m348c9b3qu4fb-0,clwx2951n000m348c9b3qu4fb-0,22_outgoing-5-0,False,optional,547.0214280248093
11,595.88904,1923.0308,620.59204,2043.0951,608.24054,1983.06295,0.9005338,14,0c4568f3,22_breaker,clnk1x9yy001s34aok46x91s6,#3C0DB2,fe843f06,clwx2951n000m348c9b3qu4fb,clwx2951n000m348c9b3qu4fb-0,clwx2951n000m348c9b3qu4fb-0,22_outgoing-5-0,False,optional,828.4255403194157
14,626.93286,2251.638,657.45276,2270.468,642.19281,2261.053,0.8345482,19,51e5f3dc,22_ll,clnk1x9yz002534ao2aywryg7,#16448c,d7c38223,clwx2951n000m348c9b3qu4fb,clwx2951n000m348c9b3qu4fb-0,clwx2951n000m348c9b3qu4fb-0,22_outgoing-5-0,False,optional,510.97979746446674
12,601.6101,2444.1458,622.6669,2462.9404,612.1385,2453.5431,0.83520377,32,df2e346e,terminator_single,clnk1xat1003b34aovnr93xsf,#0DB2B2,5af699c0,clwx2951n000m348c9b3qu4fb,clwx2951n000m348c9b3qu4fb-0,clwx2951n000m348c9b3qu4fb-0,22_outgoing-5-0,False,optional,131.0660171779822
13,602.41003,2285.9722,656.9455,2319.1802,629.677765,2302.5762,0.8142796,34,91ccb83b,terminator_w_future,clnk1x9zm003134aon68l1b4l,#0D7AB2,99addc98,clwx2951n000m348c9b3qu4fb,clwx2951n000m348c9b3qu4fb-0,clwx2951n000m348c9b3qu4fb-0,22_outgoing-5-0,False,optional,399.0559159102155
16,773.9711,2475.806,832.8788,2578.955,803.42495,2527.3805,0.910022,17,6abfbcb6,22_ds_la_out,clnk1x9z1002934aogf3ugt94,#0DB20D,575b1317,clwx2951n000m348c9b3qu4fb,clwx2951n000m348c9b3qu4fb-1,clwx2951n000m348c9b3qu4fb-1,22_outgoing-5-1,False,mandatory,5000.0
15,760.36926,2268.7642,796.44885,2310.7183,778.4090550000001,2289.74125,0.90766394,18,41ce47c9,22_gs,clnk1x9zf002f34aobq6lwoe3,#0D0DB2,cd6259dc,clwx2951n000m348c9b3qu4fb,clwx2951n000m348c9b3qu4fb-1,clwx2951n000m348c9b3qu4fb-1,22_outgoing-5-1,False,optional,621.6904755831215
17,799.404,1930.1326,826.34186,2040.9362,812.87293,1985.5344,0.8877881,14,071df99a,22_breaker,clnk1x9yy001s34aok46x91s6,#3C0DB2,c2b3dbc6,clwx2951n000m348c9b3qu4fb,clwx2951n000m348c9b3qu4fb-1,clwx2951n000m348c9b3qu4fb-1,22_outgoing-5-1,False,optional,964.8347032479055
20,828.2074,2252.9087,860.6565,2270.311,844.43195,2261.60985,0.79480755,19,25fcbe5b,22_ll,clnk1x9yz002534ao2aywryg7,#16448c,831cfcc3,clwx2951n000m348c9b3qu4fb,clwx2951n000m348c9b3qu4fb-1,clwx2951n000m348c9b3qu4fb-1,22_outgoing-5-1,False,optional,643.4894654563448
18,803.5253,2442.762,825.8856,2462.0935,814.7054499999999,2452.42775,0.82579446,32,8874052e,terminator_single,clnk1xat1003b34aovnr93xsf,#0DB2B2,0438d541,clwx2951n000m348c9b3qu4fb,clwx2951n000m348c9b3qu4fb-1,clwx2951n000m348c9b3qu4fb-1,22_outgoing-5-1,False,optional,197.9066376115481
19,802.4917,2285.7405,858.91235,2315.6267,830.702025,2300.6836,0.8093097,34,382e7173,terminator_w_future,clnk1x9zm003134aon68l1b4l,#0D7AB2,5464fab1,clwx2951n000m348c9b3qu4fb,clwx2951n000m348c9b3qu4fb-1,clwx2951n000m348c9b3qu4fb-1,22_outgoing-5-1,False,optional,482.0386719675124
23,991.051,2536.418,1038.7358,2570.762,1014.8933999999999,2553.59,0.8314309,31,8df6209f,terminator_double,clnk1x9zm003434aoc9i4tm42,#0DB27A,e5934a73,clwx2951l000e348cmiy7vxb8,clwx2951l000e348cmiy7vxb8-0,clwx2951l000e348cmiy7vxb8-0,22_incoming-6-0,False,mandatory,5000.0
25,1106.642,2242.7832,1164.4412,2281.2397,1135.5416,2262.01145,0.89164275,23,c2d97be1,DPM,clnk1x9zg002o34ao2g3ii1c9,#B24CCC,45e35b4e,clwx2951l000e348cmiy7vxb8,clwx2951l000e348cmiy7vxb8-0,clwx2951l000e348cmiy7vxb8-0,22_incoming-6-0,False,optional,701.5849198858498
26,1218.6567,2241.4226,1272.9423,2279.4907,1245.7995,2260.45665,0.89588124,22,81510744,DIM,clnk1xcco003j34ao5ownl25b,#B20D0D,04283b53,clwx2951l000e348cmiy7vxb8,clwx2951l000e348cmiy7vxb8-0,clwx2951l000e348cmiy7vxb8-0,22_incoming-6-0,False,optional,895.6336931211289
24,1007.7545,2467.734,1037.0076,2483.212,1022.38105,2475.473,0.8026491,19,cf78e339,22_ll,clnk1x9yz002534ao2aywryg7,#16448c,a0696b06,clwx2951l000e348cmiy7vxb8,clwx2951l000e348cmiy7vxb8-0,clwx2951l000e348cmiy7vxb8-0,22_incoming-6-0,False,optional,226.09040379562168
21,946.4722,2479.0554,978.5622,2521.735,962.5172,2500.3952,0.8119016,18,3b550861,22_gs,clnk1x9zf002f34aobq6lwoe3,#0D0DB2,793fa1e9,clwx2951l000e348cmiy7vxb8,clwx2951l000e348cmiy7vxb8-0,clwx2951l000e348cmiy7vxb8-0,22_incoming-6-0,False,optional,317.8010819142765
22,979.3258,1929.0603,1005.40204,2042.6128,992.36392,1985.83655,0.8917783,14,b7683460,22_breaker,clnk1x9yy001s34aok46x91s6,#3C0DB2,15ac4553,clwx2951l000e348cmiy7vxb8,clwx2951l000e348cmiy7vxb8-0,clwx2951l000e348cmiy7vxb8-0,22_incoming-6-0,False,optional,993.7169542418142
28,1422.3446,2472.7515,1481.3589,2582.6013,1451.8517499999998,2527.6764,0.9131764,17,9c063f1a,22_ds_la_out,clnk1x9z1002934aogf3ugt94,#0DB20D,f126a158,clx49gds40001349wqm2ec002,clx49gds40001349wqm2ec002-0,clx49gds40001349wqm2ec002-0,22_outgoing-7-0,False,mandatory,5000.0
27,1410.1031,2268.2917,1445.6129,2311.0037,1427.8580000000002,2289.6477000000004,0.90822095,18,46090c7d,22_gs,clnk1x9zf002f34aobq6lwoe3,#0D0DB2,42284cb8,clx49gds40001349wqm2ec002,clx49gds40001349wqm2ec002-0,clx49gds40001349wqm2ec002-0,22_outgoing-7-0,False,optional,484.2813126546317
29,1448.7703,1923.382,1472.9424,2042.3274,1460.85635,1982.8546999999999,0.8976237,14,72e910bc,22_breaker,clnk1x9yy001s34aok46x91s6,#3C0DB2,f6c2c5a4,clx49gds40001349wqm2ec002,clx49gds40001349wqm2ec002-0,clx49gds40001349wqm2ec002-0,22_outgoing-7-0,False,optional,1005.3494218736671
32,1476.9996,2253.466,1510.9697,2270.8513,1493.98465,2262.15865,0.80803627,19,aadba8af,22_ll,clnk1x9yz002534ao2aywryg7,#16448c,010c6ce9,clx49gds40001349wqm2ec002,clx49gds40001349wqm2ec002-0,clx49gds40001349wqm2ec002-0,22_outgoing-7-0,False,optional,654.5605332682103
30,1454.63,2442.0193,1476.0905,2461.7031,1465.3602500000002,2451.8612000000003,0.81538033,32,c3448808,terminator_single,clnk1xat1003b34aovnr93xsf,#0DB2B2,68d648be,clx49gds40001349wqm2ec002,clx49gds40001349wqm2ec002-0,clx49gds40001349wqm2ec002-0,22_outgoing-7-0,False,optional,142.30865786510145
31,1450.9673,2285.7878,1509.4109,2316.907,1480.1891,2301.3474,0.84358656,34,b0f67fd2,terminator_w_future,clnk1x9zm003134aon68l1b4l,#0D7AB2,08c4039d,clx49gds40001349wqm2ec002,clx49gds40001349wqm2ec002-0,clx49gds40001349wqm2ec002-0,22_outgoing-7-0,False,optional,400.8132752230962
36,1612.6633,2476.2952,1670.5852,2579.993,1641.6242499999998,2528.1441,0.90786254,17,bab04965,22_ds_la_out,clnk1x9z1002934aogf3ugt94,#0DB20D,63b2379e,clwx2s01g005q348ctgfl1pfr,clwx2s01g005q348ctgfl1pfr-0,clwx2s01g005q348ctgfl1pfr-0,22_outgoing_w_dpm_dim-8-0,False,mandatory,5000.0
40,1665.2678,2252.6558,1699.1893,2270.1465,1682.22855,2261.4011499999997,0.8135448,19,fd57e0da,22_ll,clnk1x9yz002534ao2aywryg7,#16448c,c0cea090,clwx2s01g005q348ctgfl1pfr,clwx2s01g005q348ctgfl1pfr-0,clwx2s01g005q348ctgfl1pfr-0,22_outgoing_w_dpm_dim-8-0,False,optional,562.1635636485403
37,1635.7054,1930.2728,1661.765,2042.3331,1648.7352,1986.30295,0.8767255,14,443bc984,22_breaker,clnk1x9yy001s34aok46x91s6,#3C0DB2,e1d42caa,clwx2s01g005q348ctgfl1pfr,clwx2s01g005q348ctgfl1pfr-0,clwx2s01g005q348ctgfl1pfr-0,22_outgoing_w_dpm_dim-8-0,False,optional,1004.8174593052025
39,1639.936,2286.1108,1694.2319,2316.025,1667.08395,2301.0679,0.84157276,34,4ffae0e2,terminator_w_future,clnk1x9zm003134aon68l1b4l,#0D7AB2,bf101f90,clwx2s01g005q348ctgfl1pfr,clwx2s01g005q348ctgfl1pfr-0,clwx2s01g005q348ctgfl1pfr-0,22_outgoing_w_dpm_dim-8-0,False,optional,494.3523804664972
38,1640.694,2442.0227,1662.9379,2461.6187,1651.81595,2451.8207,0.8228156,32,d75aa92f,terminator_single,clnk1xat1003b34aovnr93xsf,#0DB2B2,17d88ef3,clwx2s01g005q348ctgfl1pfr,clwx2s01g005q348ctgfl1pfr-0,clwx2s01g005q348ctgfl1pfr-0,22_outgoing_w_dpm_dim-8-0,False,optional,137.30865786510145
35,1598.5753,2268.708,1633.116,2311.9495,1615.84565,2290.32875,0.9010958,18,4bd8c064,22_gs,clnk1x9zf002f34aobq6lwoe3,#0D0DB2,7b1c6af6,clwx2s01g005q348ctgfl1pfr,clwx2s01g005q348ctgfl1pfr-0,clwx2s01g005q348ctgfl1pfr-0,22_outgoing_w_dpm_dim-8-0,False,optional,600.7909806465099
41,1682.156,2140.8716,1736.7983,2177.4749,1709.47715,2159.17325,0.86309373,23,5de47a5f,DPM,clnk1x9zg002o34ao2g3ii1c9,#B24CCC,196b9646,clwx2s01g005q348ctgfl1pfr,clwx2s01g005q348ctgfl1pfr-0,clwx2s01g005q348ctgfl1pfr-0,22_outgoing_w_dpm_dim-8-0,False,optional,797.3544725075503
42,1769.411,2136.9878,1826.9935,2178.0312,1798.20225,2157.5095,0.91483665,22,0849b8e3,DIM,clnk1xcco003j34ao5ownl25b,#B20D0D,f74099ef,clwx2s01g005q348ctgfl1pfr,clwx2s01g005q348ctgfl1pfr-0,clwx2s01g005q348ctgfl1pfr-0,22_outgoing_w_dpm_dim-8-0,False,optional,938.5626253092635
45,1941.9819,2474.5503,2004.069,2583.068,1973.02545,2528.80915,0.91016585,17,ff14063a,22_ds_la_out,clnk1x9z1002934aogf3ugt94,#0DB20D,f1a15180,clx49rtqz001j349w4n9dgdoa,clx49rtqz001j349w4n9dgdoa-0,clx49rtqz001j349w4n9dgdoa-0,22_outgoing-9-0,False,mandatory,5000.0
44,1928.1508,2265.6074,1965.749,2311.2856,1946.9499,2288.4465,0.88560754,18,504a3704,22_gs,clnk1x9zf002f34aobq6lwoe3,#0D0DB2,22cec3f4,clx49rtqz001j349w4n9dgdoa,clx49rtqz001j349w4n9dgdoa-0,clx49rtqz001j349w4n9dgdoa-0,22_outgoing-9-0,False,optional,540.1513703397205
46,1966.6885,1921.7858,1991.2913,2042.7574,1978.9899,1982.2716,0.88171154,14,2df93558,22_breaker,clnk1x9yy001s34aok46x91s6,#3C0DB2,2ff8da3f,clx49rtqz001j349w4n9dgdoa,clx49rtqz001j349w4n9dgdoa-0,clx49rtqz001j349w4n9dgdoa-0,22_outgoing-9-0,False,optional,992.7930726875629
50,1996.4261,2250.124,2027.6517,2269.4758,2012.0389,2259.7999,0.8135907,19,d4d11d5f,22_ll,clnk1x9yz002534ao2aywryg7,#16448c,65e0b0c2,clx49rtqz001j349w4n9dgdoa,clx49rtqz001j349w4n9dgdoa-0,clx49rtqz001j349w4n9dgdoa-0,22_outgoing-9-0,False,optional,594.5483399593907
48,1970.923,2443.0967,1993.1552,2462.9146,1982.0391,2453.00565,0.8286413,32,257add8b,terminator_single,clnk1xat1003b34aovnr93xsf,#0DB2B2,d4499107,clx49rtqz001j349w4n9dgdoa,clx49rtqz001j349w4n9dgdoa-0,clx49rtqz001j349w4n9dgdoa-0,22_outgoing-9-0,False,optional,129.9238815542512
49,1970.8998,2285.1777,2027.0166,2319.7993,1998.9582,2302.4885000000004,0.8029846,34,046dcc17,terminator_w_future,clnk1x9zm003134aon68l1b4l,#0D7AB2,a9e97625,clx49rtqz001j349w4n9dgdoa,clx49rtqz001j349w4n9dgdoa-0,clx49rtqz001j349w4n9dgdoa-0,22_outgoing-9-0,False,optional,463.2396820942891
59,2145.7473,1927.2101,2181.9014,2059.439,2163.82435,1993.3245499999998,0.8906006,16,897f5426,22_ds,clnk1x9zm003034aoq1a16bdr,#7AB20D,fcf376e7,clx49kt0x0014349wn9o2anln,clx49kt0x0014349wn9o2anln-0,clx49kt0x0014349wn9o2anln-0,22_station_tx-10-0,False,mandatory,5000.0
63,2187.692,2248.788,2218.962,2268.3557,2203.327,2258.5718500000003,0.7746191,19,49668ae9,22_ll,clnk1x9yz002534ao2aywryg7,#16448c,f721f1a2,clx49kt0x0014349wn9o2anln,clx49kt0x0014349wn9o2anln-0,clx49kt0x0014349wn9o2anln-0,22_station_tx-10-0,False,optional,403.7249634685277
62,2163.028,2283.7122,2219.564,2317.9863,2191.296,2300.84925,0.79360545,34,985ccda6,terminator_w_future,clnk1x9zm003134aon68l1b4l,#0D7AB2,194e78b9,clx49kt0x0014349wn9o2anln,clx49kt0x0014349wn9o2anln-0,clx49kt0x0014349wn9o2anln-0,22_station_tx-10-0,False,optional,437.18080759124337
60,2161.8938,2562.3877,2184.7556,2582.5017,2173.3247,2572.4447,0.8189534,32,3a560cbf,terminator_single,clnk1xat1003b34aovnr93xsf,#0DB2B2,240295b5,clx49kt0x0014349wn9o2anln,clx49kt0x0014349wn9o2anln-0,clx49kt0x0014349wn9o2anln-0,22_station_tx-10-0,False,optional,895.9474016201136
55,2118.2585,2266.6484,2155.411,2310.5217,2136.83475,2288.5850499999997,0.8847724,18,5564481f,22_gs,clnk1x9zf002f34aobq6lwoe3,#0D0DB2,1250cec3,clx49kt0x0014349wn9o2anln,clx49kt0x0014349wn9o2anln-0,clx49kt0x0014349wn9o2anln-0,22_station_tx-10-0,False,optional,434.8670990922586
68,2273.8381,1853.4669,2364.749,1874.7336,2319.29355,1864.10025,0.84767437,14,cb7cb4b6,22_breaker,clnk1x9yy001s34aok46x91s6,#3C0DB2,4eb960a2,clx49jfja000s349wbypuibuk,clx49jfja000s349wbypuibuk-0,clx49jfja000s349wbypuibuk-0,22_tie-11-0,False,mandatory,5000.0
67,2214.4194,1926.6294,2353.785,2136.7383,2284.1022000000003,2031.68385,0.9277988,20,29c22fc3,22_vt_3p,clnk1xccr003n34aoq3etv7wm,#1F9AEE,f0170059,clx49jfja000s349wbypuibuk,clx49jfja000s349wbypuibuk-0,clx49jfja000s349wbypuibuk-0,22_tie-11-0,False,optional,319.7716446627537
75,2544.9463,1921.8796,2690.4204,2145.3606,2617.6833500000002,2033.6201,0.9058177,20,4b18bef7,22_vt_3p,clnk1xccr003n34aoq3etv7wm,#1F9AEE,a7062915,clx49jfja000s349wbypuibuk,clx49jfja000s349wbypuibuk-0,clx49jfja000s349wbypuibuk-0,22_tie-11-0,False,optional,631.6559876977153
71,2384.7607,2006.0051,2438.991,2044.7223,2411.87585,2025.3636999999999,0.8461145,22,4132d657,DIM,clnk1xcco003j34ao5ownl25b,#B20D0D,75321863,clx49jfja000s349wbypuibuk,clx49jfja000s349wbypuibuk-0,clx49jfja000s349wbypuibuk-0,22_tie-11-0,False,optional,712.5260453828041
73,2456.4504,2005.366,2518.4868,2045.4993,2487.4686,2025.43265,0.86236966,23,9b5984bf,DPM,clnk1x9zg002o34ao2g3ii1c9,#B24CCC,e195b082,clx49jfja000s349wbypuibuk,clx49jfja000s349wbypuibuk-0,clx49jfja000s349wbypuibuk-0,22_tie-11-0,False,optional,595.9158723275377
69,2306.5188,2200.4739,2363.6055,2239.7131,2335.0621499999997,2220.0935,0.9045206,24,08b61569,LL,clnk1xblj003h34aof7r696zx,#0DB2B2,5a6f9739,clx49jfja000s349wbypuibuk,clx49jfja000s349wbypuibuk-0,clx49jfja000s349wbypuibuk-0,22_tie-11-0,False,optional,865.6336931211288
74,2495.789,2200.0781,2554.6406,2239.5718,2525.2148,2219.82495,0.9072766,24,308a9a39,LL,clnk1xblj003h34aof7r696zx,#0DB2B2,3bc9eebd,clx49jfja000s349wbypuibuk,clx49jfja000s349wbypuibuk-0,clx49jfja000s349wbypuibuk-0,22_tie-11-0,False,optional,931.3443712397836
79,2802.012,1920.1322,2834.5798,2068.6614,2818.2959,1994.3968,0.90952563,16,27307ce3,22_ds,clnk1x9zm003034aoq1a16bdr,#7AB20D,b47e5d5b,clx49s39d001r349w0pdzy992,clx49s39d001r349w0pdzy992-0,clx49s39d001r349w0pdzy992-0,22_station_tx-12-0,False,mandatory,5000.0
82,2839.867,2251.9175,2874.9448,2269.9963,2857.4059,2260.9569,0.82510823,19,672b8bd3,22_ll,clnk1x9yz002534ao2aywryg7,#16448c,fdf54fe0,clx49s39d001r349w0pdzy992,clx49s39d001r349w0pdzy992-0,clx49s39d001r349w0pdzy992-0,22_station_tx-12-0,False,optional,407.4406922210657
81,2814.111,2285.8547,2873.7253,2316.962,2843.91815,2301.4083499999997,0.8451471,34,19173f1b,terminator_w_future,clnk1x9zm003134aon68l1b4l,#0D7AB2,8490b466,clx49s39d001r349w0pdzy992,clx49s39d001r349w0pdzy992-0,clx49s39d001r349w0pdzy992-0,22_station_tx-12-0,False,optional,419.4112549695429
87,3017.831,2443.041,3039.6516,2462.755,3028.7413,2452.898,0.8292958,32,507c00fd,terminator_single,clnk1xat1003b34aovnr93xsf,#0DB2B2,85ec390e,clx49s39d001r349w0pdzy992,clx49s39d001r349w0pdzy992-0,clx49s39d001r349w0pdzy992-0,22_station_tx-12-0,False,optional,1264.5596667164334
78,2770.611,2266.0205,2808.1997,2310.5269,2789.40535,2288.2736999999997,0.89106154,18,495bb1c1,22_gs,clnk1x9zf002f34aobq6lwoe3,#0D0DB2,7d5148ac,clx49s39d001r349w0pdzy992,clx49s39d001r349w0pdzy992-0,clx49s39d001r349w0pdzy992-0,22_station_tx-12-0,False,optional,422.5117600329312
85,2989.6082,2480.755,3047.5486,2579.8628,3018.5784000000003,2530.3089,0.9095151,17,98fed5f0,22_ds_la_out,clnk1x9z1002934aogf3ugt94,#0DB20D,32e2c35f,clx49sc97001y349w5637g07o,clx49sc97001y349w5637g07o-0,clx49sc97001y349w5637g07o-0,22_outgoing_w_dpm_dim-13-0,False,mandatory,5000.0
91,3043.2598,2249.989,3074.5247,2269.1404,3058.89225,2259.5647,0.8271915,19,dbfd847f,22_ll,clnk1x9yz002534ao2aywryg7,#16448c,4736fded,clx49sc97001y349w5637g07o,clx49sc97001y349w5637g07o-0,clx49sc97001y349w5637g07o-0,22_outgoing_w_dpm_dim-13-0,False,optional,664.317892581091
86,3012.5344,1928.0635,3037.3845,2039.4714,3024.9594500000003,1983.7674499999998,0.8797074,14,8b44c9eb,22_breaker,clnk1x9yy001s34aok46x91s6,#3C0DB2,26898477,clx49sc97001y349w5637g07o,clx49sc97001y349w5637g07o-0,clx49sc97001y349w5637g07o-0,22_outgoing_w_dpm_dim-13-0,False,optional,1109.1017305526643
90,3020.2146,2285.6943,3075.3772,2319.0254,3047.7959,2302.35985,0.8154269,34,b4d73276,terminator_w_future,clnk1x9zm003134aon68l1b4l,#0D7AB2,65c14ccc,clx49sc97001y349w5637g07o,clx49sc97001y349w5637g07o-0,clx49sc97001y349w5637g07o-0,22_outgoing_w_dpm_dim-13-0,False,optional,522.0092347159896
80,2816.7754,2561.7844,2839.3196,2580.7134,2828.0474999999997,2571.2489,0.82308006,32,1ca8e106,terminator_single,clnk1xat1003b34aovnr93xsf,#0DB2B2,2342ab51,clx49sc97001y349w5637g07o,clx49sc97001y349w5637g07o-0,clx49sc97001y349w5637g07o-0,22_outgoing_w_dpm_dim-13-0,False,optional,253.71067811865478
84,2971.929,2265.1812,3009.628,2312.7559,2990.7785000000003,2288.96855,0.8772617,18,5bbcb75e,22_gs,clnk1x9zf002f34aobq6lwoe3,#0D0DB2,b7ab3d88,clx49sc97001y349w5637g07o,clx49sc97001y349w5637g07o-0,clx49sc97001y349w5637g07o-0,22_outgoing_w_dpm_dim-13-0,False,optional,700.1879502661798
94,3078.5054,2139.294,3132.4744,2175.2646,3105.4899,2157.2793,0.88716877,23,220a7d53,DPM,clnk1x9zg002o34ao2g3ii1c9,#B24CCC,52588697,clx49sc97001y349w5637g07o,clx49sc97001y349w5637g07o-0,clx49sc97001y349w5637g07o-0,22_outgoing_w_dpm_dim-13-0,False,optional,950.8641404994283
97,3161.7068,2138.1416,3218.5054,2176.0896,3190.1061,2157.1156,0.888357,22,f556cca5,DIM,clnk1xcco003j34ao5ownl25b,#B20D0D,7fc0ec21,clx49sc97001y349w5637g07o,clx49sc97001y349w5637g07o-0,clx49sc97001y349w5637g07o-0,22_outgoing_w_dpm_dim-13-0,False,optional,1074.17279836453
100,3358.5508,2474.2112,3417.1587,2580.4136,3387.85475,2527.3124,0.9091747,17,963e53b4,22_ds_la_out,clnk1x9z1002934aogf3ugt94,#0DB20D,bd5200aa,clx49trcy0028349wa1rxgmog,clx49trcy0028349wa1rxgmog-0,clx49trcy0028349wa1rxgmog-0,22_outgoing-14-0,False,mandatory,5000.0
99,3340.535,2264.8381,3376.9692,2311.6157,3358.7520999999997,2288.2268999999997,0.8650944,18,d7aa1883,22_gs,clnk1x9zf002f34aobq6lwoe3,#0D0DB2,e5b82cb3,clx49trcy0028349wa1rxgmog,clx49trcy0028349wa1rxgmog-0,clx49trcy0028349wa1rxgmog-0,22_outgoing-14-0,False,optional,535.5361466505709
102,3380.583,1926.5652,3406.1345,2039.1233,3393.3587500000003,1982.84425,0.89769834,14,7b8a2097,22_breaker,clnk1x9yy001s34aok46x91s6,#3C0DB2,8e11d889,clx49trcy0028349wa1rxgmog,clx49trcy0028349wa1rxgmog-0,clx49trcy0028349wa1rxgmog-0,22_outgoing-14-0,False,optional,900.7098115668776
105,3408.7703,2253.25,3443.6335,2270.586,3426.2019,2261.9179999999997,0.7896092,19,3e70f38f,22_ll,clnk1x9yz002534ao2aywryg7,#16448c,124057c1,clx49trcy0028349wa1rxgmog,clx49trcy0028349wa1rxgmog-0,clx49trcy0028349wa1rxgmog-0,22_outgoing-14-0,False,optional,512.3940110268398
103,3386.524,2443.642,3407.9937,2462.6768,3397.25885,2453.1594,0.8265728,32,6f9605b7,terminator_single,clnk1xat1003b34aovnr93xsf,#0DB2B2,1ef7dca7,clx49trcy0028349wa1rxgmog,clx49trcy0028349wa1rxgmog-0,clx49trcy0028349wa1rxgmog-0,22_outgoing-14-0,False,optional,132.7523086789974
104,3388.3484,2286.328,3441.1067,2316.774,3414.7275499999996,2301.551,0.78361964,34,d864a446,terminator_w_future,clnk1x9zm003134aon68l1b4l,#0D7AB2,860ac9d5,clx49trcy0028349wa1rxgmog,clx49trcy0028349wa1rxgmog-0,clx49trcy0028349wa1rxgmog-0,22_outgoing-14-0,False,optional,406.2274887854693
107,3541.1084,2473.701,3601.3516,2582.137,3571.23,2527.919,0.9081909,17,9b4327ef,22_ds_la_out,clnk1x9z1002934aogf3ugt94,#0DB20D,02cdbf03,clx49trcy0028349wa1rxgmog,clx49trcy0028349wa1rxgmog-1,clx49trcy0028349wa1rxgmog-1,22_outgoing-14-1,False,mandatory,5000.0
106,3526.3901,2267.6162,3559.9805,2310.852,3543.1853,2289.2340999999997,0.8738039,18,d6f45a63,22_gs,clnk1x9zf002f34aobq6lwoe3,#0D0DB2,8bd14307,clx49trcy0028349wa1rxgmog,clx49trcy0028349wa1rxgmog-1,clx49trcy0028349wa1rxgmog-1,22_outgoing-14-1,False,optional,585.3767670841368
108,3562.9336,1926.1965,3590.3447,2039.0428,3576.63915,1982.61965,0.88616574,14,67e5899a,22_breaker,clnk1x9yy001s34aok46x91s6,#3C0DB2,31166c8c,clx49trcy0028349wa1rxgmog,clx49trcy0028349wa1rxgmog-1,clx49trcy0028349wa1rxgmog-1,22_outgoing-14-1,False,optional,958.0773439350248
111,3592.0706,2253.3682,3626.309,2270.1172,3609.1898,2261.7427,0.78947294,19,c5aba040,22_ll,clnk1x9yz002534ao2aywryg7,#16448c,6679a053,clx49trcy0028349wa1rxgmog,clx49trcy0028349wa1rxgmog-1,clx49trcy0028349wa1rxgmog-1,22_outgoing-14-1,False,optional,594.4478348960022
109,3570.0159,2443.4888,3590.7937,2462.2305,3580.4048000000003,2452.8596500000003,0.841116,32,b9673972,terminator_single,clnk1xat1003b34aovnr93xsf,#0DB2B2,a5042427,clx49trcy0028349wa1rxgmog,clx49trcy0028349wa1rxgmog-1,clx49trcy0028349wa1rxgmog-1,22_outgoing-14-1,False,optional,141.4802307403553
110,3566.657,2286.0261,3624.1772,2317.0852,3595.4171,2301.5556500000002,0.81488556,34,021b3ab0,terminator_w_future,clnk1x9zm003134aon68l1b4l,#0D7AB2,63895975,clx49trcy0028349wa1rxgmog,clx49trcy0028349wa1rxgmog-1,clx49trcy0028349wa1rxgmog-1,22_outgoing-14-1,False,optional,425.61226509631956
115,3743.0044,1929.114,3769.7944,2043.1332,3756.3994000000002,1986.1236,0.8781403,14,80e10b14,22_breaker,clnk1x9yy001s34aok46x91s6,#3C0DB2,786ecee3,clwx2llc7005g348c17yn0w7f,clwx2llc7005g348c17yn0w7f-0,clwx2llc7005g348c17yn0w7f-0,22_incoming_future-15-0,False,mandatory,5000.0
113,3713.1094,2477.057,3742.6477,2521.0623,3727.87855,2499.05965,0.796287,18,169be765,22_gs,clnk1x9zf002f34aobq6lwoe3,#0D0DB2,961c8df1,clwx2llc7005g348c17yn0w7f,clwx2llc7005g348c17yn0w7f-0,clwx2llc7005g348c17yn0w7f-0,22_incoming_future-15-0,False,optional,727.7270555095807
117,3870.9033,2242.4094,3928.3926,2281.9255,3899.64795,2262.16745,0.891259,23,9e49e996,DPM,clnk1x9zg002o34ao2g3ii1c9,#B24CCC,fbc6d587,clwx2llc7005g348c17yn0w7f,clwx2llc7005g348c17yn0w7f-0,clwx2llc7005g348c17yn0w7f-0,22_incoming_future-15-0,False,optional,585.1879502661799
116,3775.697,2467.2593,3802.4583,2481.7114,3789.07765,2474.48535,0.76783,19,544e13a5,22_ll,clnk1x9yz002534ao2aywryg7,#16448c,4393fac0,clwx2llc7005g348c17yn0w7f,clwx2llc7005g348c17yn0w7f-0,clwx2llc7005g348c17yn0w7f-0,22_incoming_future-15-0,False,optional,748.4255403194156
118,3982.4387,2242.2852,4036.78,2279.2102,4009.60935,2260.7477,0.8937976,22,75d49e2f,DIM,clnk1xcco003j34ao5ownl25b,#B20D0D,c0284793,clwx2llc7005g348c17yn0w7f,clwx2llc7005g348c17yn0w7f-0,clwx2llc7005g348c17yn0w7f-0,22_incoming_future-15-0,False,optional,904.4743135546948
120,4185.272,2475.9067,4243.548,2577.653,4214.41,2526.77985,0.9091623,17,38fc60d5,22_ds_la_out,clnk1x9z1002934aogf3ugt94,#0DB20D,58962de9,clx49ufnw002g349wm84vebnj,clx49ufnw002g349wm84vebnj-0,clx49ufnw002g349wm84vebnj-0,22_outgoing-16-0,False,mandatory,5000.0
119,4170.79,2267.6584,4207.6313,2310.8655,4189.21065,2289.26195,0.90567183,18,a4dec51e,22_gs,clnk1x9zf002f34aobq6lwoe3,#0D0DB2,241026b5,clx49ufnw002g349wm84vebnj,clx49ufnw002g349wm84vebnj-0,clx49ufnw002g349wm84vebnj-0,22_outgoing-16-0,False,optional,467.89653634378146
121,4210.6826,1930.1354,4237.1216,2041.1495,4223.9021,1985.6424499999998,0.8919035,14,e22e6778,22_breaker,clnk1x9yy001s34aok46x91s6,#3C0DB2,0f708eec,clx49ufnw002g349wm84vebnj,clx49ufnw002g349wm84vebnj-0,clx49ufnw002g349wm84vebnj-0,22_outgoing-16-0,False,optional,976.5037508062178
124,4240.5034,2253.4805,4274.1094,2270.5537,4257.3063999999995,2262.0171,0.80305934,19,1a580b3c,22_ll,clnk1x9yz002534ao2aywryg7,#16448c,32736dc2,clx49ufnw002g349wm84vebnj,clx49ufnw002g349wm84vebnj-0,clx49ufnw002g349wm84vebnj-0,22_outgoing-16-0,False,optional,541.7077195258247
122,4214.627,2442.887,4236.6724,2462.3618,4225.6497,2452.6244,0.8201727,32,169fd597,terminator_single,clnk1xat1003b34aovnr93xsf,#0DB2B2,e39b8837,clx49ufnw002g349wm84vebnj,clx49ufnw002g349wm84vebnj-0,clx49ufnw002g349wm84vebnj-0,22_outgoing-16-0,False,optional,117.50966799187809
123,4212.0825,2284.8193,4271.467,2316.4553,4241.7747500000005,2300.6373000000003,0.8275235,34,1a0d3b04,terminator_w_future,clnk1x9zm003134aon68l1b4l,#0D7AB2,404f0058,clx49ufnw002g349wm84vebnj,clx49ufnw002g349wm84vebnj-0,clx49ufnw002g349wm84vebnj-0,22_outgoing-16-0,False,optional,405.6417023478424
126,4368.6714,2473.327,4426.837,2583.4949,4397.7542,2528.4109500000004,0.91533935,17,c8a44d93,22_ds_la_out,clnk1x9z1002934aogf3ugt94,#0DB20D,86616c26,clx49ufnw002g349wm84vebnj,clx49ufnw002g349wm84vebnj-1,clx49ufnw002g349wm84vebnj-1,22_outgoing-16-1,False,mandatory,5000.0
125,4354.07,2267.0767,4391.4307,2311.1506,4372.75035,2289.1136500000002,0.9125263,18,61bdfd3f,22_gs,clnk1x9zf002f34aobq6lwoe3,#0D0DB2,4728b2f4,clx49ufnw002g349wm84vebnj,clx49ufnw002g349wm84vebnj-1,clx49ufnw002g349wm84vebnj-1,22_outgoing-16-1,False,optional,465.99704140716983
127,4392.7,1927.4685,4418.771,2039.5012,4405.7355,1983.4848499999998,0.8824471,14,24094430,22_breaker,clnk1x9yy001s34aok46x91s6,#3C0DB2,4366af72,clx49ufnw002g349wm84vebnj,clx49ufnw002g349wm84vebnj-1,clx49ufnw002g349wm84vebnj-1,22_outgoing-16-1,False,optional,1021.3616151824868
130,4423.95,2252.0823,4458.1035,2270.0474,4441.02675,2261.0648499999998,0.794879,19,f88c42c3,22_ll,clnk1x9yz002534ao2aywryg7,#16448c,930a57be,clx49ufnw002g349wm84vebnj,clx49ufnw002g349wm84vebnj-1,clx49ufnw002g349wm84vebnj-1,22_outgoing-16-1,False,optional,605.7909806465099
128,4399.343,2442.683,4420.9316,2462.1492,4410.1373,2452.4161,0.8186687,32,b56a3e33,terminator_single,clnk1xat1003b34aovnr93xsf,#0DB2B2,29bcc5e5,clx49ufnw002g349wm84vebnj,clx49ufnw002g349wm84vebnj-1,clx49ufnw002g349wm84vebnj-1,22_outgoing-16-1,False,optional,133.0660171779822
129,4396.4126,2284.3704,4456.023,2316.9983,4426.2178,2300.68435,0.84834784,34,41f52038,terminator_w_future,clnk1x9zm003134aon68l1b4l,#0D7AB2,bab7339d,clx49ufnw002g349wm84vebnj,clx49ufnw002g349wm84vebnj-1,clx49ufnw002g349wm84vebnj-1,22_outgoing-16-1,False,optional,423.4406922210658
133,4467.1284,2458.598,4810.351,2691.7515,4638.7397,2575.17475,0.9028178,15,b3c74cc2,22_cap_bank,clnk1x9zg002j34aoox1pjy3x,#0DB24C,35b0d660,clx49gnv40009349wasoi1xo8,clx49gnv40009349wasoi1xo8-0,clx49gnv40009349wasoi1xo8-0,22_capacitor_bank-17-0,False,mandatory,5000.0
132,4621.7827,1927.2383,4647.6963,2039.305,4634.7395,1983.2716500000001,0.89832324,14,acfd68d1,22_breaker,clnk1x9yy001s34aok46x91s6,#3C0DB2,c14a7e56,clx49gnv40009349wasoi1xo8,clx49gnv40009349wasoi1xo8-0,clx49gnv40009349wasoi1xo8-0,22_capacitor_bank-17-0,False,optional,1030.9890321804564
137,4707.6255,2136.5134,4767.944,2176.6672,4737.784750000001,2156.5903,0.8926894,23,5d27da51,DPM,clnk1x9zg002o34ao2g3ii1c9,#B24CCC,313ec3a5,clx49gnv40009349wasoi1xo8,clx49gnv40009349wasoi1xo8-0,clx49gnv40009349wasoi1xo8-0,22_capacitor_bank-17-0,False,optional,854.0529573173853
138,4796.606,2136.9846,4851.8164,2175.6753,4824.2112,2156.32995,0.90032554,22,9e181610,DIM,clnk1xcco003j34ao5ownl25b,#B20D0D,ba2d324d,clx49gnv40009349wasoi1xo8,clx49gnv40009349wasoi1xo8-0,clx49gnv40009349wasoi1xo8-0,22_capacitor_bank-17-0,False,optional,976.7758287448598
131,4582.968,2266.2993,4619.492,2311.3953,4601.23,2288.8473000000004,0.8715314,18,4765f4a0,22_gs,clnk1x9zf002f34aobq6lwoe3,#0D0DB2,3f7fbc35,clx49gnv40009349wasoi1xo8,clx49gnv40009349wasoi1xo8-0,clx49gnv40009349wasoi1xo8-0,22_capacitor_bank-17-0,False,optional,563.9209229614211
136,4654.078,2250.9224,4686.387,2268.1267,4670.2325,2259.52455,0.7583227,19,c23e801d,22_ll,clnk1x9yz002534ao2aywryg7,#16448c,76febfe4,clx49gnv40009349wasoi1xo8,clx49gnv40009349wasoi1xo8-0,clx49gnv40009349wasoi1xo8-0,22_capacitor_bank-17-0,False,optional,535.2935059634515
135,4630.782,2285.2048,4685.1616,2318.6672,4657.9718,2301.9359999999997,0.8082214,34,10ffd2d0,terminator_w_future,clnk1x9zm003134aon68l1b4l,#0D7AB2,4c1dbf7b,clx49gnv40009349wasoi1xo8,clx49gnv40009349wasoi1xo8-0,clx49gnv40009349wasoi1xo8-0,22_capacitor_bank-17-0,False,optional,439.9259735953043
134,4628.856,2436.189,4650.787,2456.39,4639.8215,2446.2895,0.82012045,32,80ad35c2,terminator_single,clnk1xat1003b34aovnr93xsf,#0DB2B2,2c46be7b,clx49gnv40009349wasoi1xo8,clx49gnv40009349wasoi1xo8-0,clx49gnv40009349wasoi1xo8-0,22_capacitor_bank-17-0,False,optional,170.69343417595167
139,4805.4033,2547.6711,4854.0527,2579.5315,4829.728,2563.6013000000003,0.8847084,27,5158e362,Q,clnk1x9zj002t34aow7kklyyh,#7A0DB2,c2dea4d0,clx49gnv40009349wasoi1xo8,clx49gnv40009349wasoi1xo8-0,clx49gnv40009349wasoi1xo8-0,22_capacitor_bank-17-0,False,optional,286.87214972614197
